<?xml version="1.0" encoding="UTF-8"?>

<!--Autogenerated by Cloudera CM on 2013-06-10T19:34:40.768Z-->
<configuration>
  <property>
    <name>hive.metastore.local</name>
    <value>false</value>
  </property>
  <property>
    <name>hive.metastore.uris</name>
    <value>thrift://cdh-dev01:9083</value>
  </property>
  <property>
    <name>hive.metastore.warehouse.dir</name>
    <value>/user/hive/warehouse</value>
  </property>
  <property>
    <name>hive.warehouse.subdir.inherit.perms</name>
    <value>true</value>
  </property>
  <property>
    <name>mapred.reduce.tasks</name>
    <value>-1</value>
  </property>
  <property>
    <name>hive.exec.reducers.bytes.per.reducer</name>
    <value>1073741824</value>
  </property>
  <property>
    <name>hive.exec.reducers.max</name>
    <value>999</value>
  </property>
  <property>
    <name>hive.metastore.execute.setugi</name>
    <value>true</value>
  </property>
</configuration>
